idTeacher,fullName,gender,email
10001,Đinh Thu Ngân,0,10001teacher@uet.vnu.edu
10002,Phùng Vân Thanh,0,10002teacher@uet.vnu.edu
10003,Lã Bảo Khánh,1,10003teacher@uet.vnu.edu
10004,Ngô Minh Mẫn,1,10004teacher@uet.vnu.edu
10005,Ngô Hồng Châu,0,10005teacher@uet.vnu.edu
10006,Hoàng Khắc Trọng,1,10006teacher@uet.vnu.edu
10007,Ngô Ðức Bình,1,10007teacher@uet.vnu.edu
10008,Hồ Lương Tài,1,10008teacher@uet.vnu.edu
10009,Hoàng Tấn Thành,1,10009teacher@uet.vnu.edu
10010,Võ Ðông Nhi,0,10010teacher@uet.vnu.edu
10011,Tô Thái Thanh,0,10011teacher@uet.vnu.edu
10012,Trần Thái Thảo,0,10012teacher@uet.vnu.edu
10013,Phùng Hoàng Khang,1,10013teacher@uet.vnu.edu
10014,Lã Hữu Long,1,10014teacher@uet.vnu.edu
10015,Nguyễn Anh Vũ,0,10015teacher@uet.vnu.edu
10016,Phan Kim Thy,0,10016teacher@uet.vnu.edu
10017,Đặng Hạ Tiên,0,10017teacher@uet.vnu.edu
10018,Hoàng Khắc Triệu,1,10018teacher@uet.vnu.edu
10019,Lê Thụy Ðào,0,10019teacher@uet.vnu.edu
10020,Lê Tuấn Tú,1,10020teacher@uet.vnu.edu
10021,Ngô Thiện Mỹ,0,10021teacher@uet.vnu.edu
10022,Đỗ Cao Nghiệp,1,10022teacher@uet.vnu.edu
10023,Đặng Tâm Thiện,1,10023teacher@uet.vnu.edu
10024,Bùi Bằng Sơn,1,10024teacher@uet.vnu.edu
10025,Võ Sao Băng,0,10025teacher@uet.vnu.edu
10026,Đặng Minh Hiên,1,10026teacher@uet.vnu.edu
10027,Hoàng Tường Lâm,1,10027teacher@uet.vnu.edu
10028,Võ Bảo Châu,0,10028teacher@uet.vnu.edu
10029,Lã Như Thảo,0,10029teacher@uet.vnu.edu
10030,Dương Hùng Dũng,1,10030teacher@uet.vnu.edu
10031,Phan Thư Lâm,0,10031teacher@uet.vnu.edu
10032,Võ Chính Thuận,1,10032teacher@uet.vnu.edu
10033,Ngô Ðắc Lộ,1,10033teacher@uet.vnu.edu
10034,Võ Hải Châu,0,10034teacher@uet.vnu.edu
10035,Đỗ Trà My,0,10035teacher@uet.vnu.edu
10036,Lê Hoàng Xuân,1,10036teacher@uet.vnu.edu
10037,Vũ Uy Phong,1,10037teacher@uet.vnu.edu
10038,Ngô Yến My,0,10038teacher@uet.vnu.edu
10039,Vũ Ðịnh Lực,1,10039teacher@uet.vnu.edu
10040,Nguyễn Uyên Thơ,0,10040teacher@uet.vnu.edu
10041,Lý Thảo Linh,0,10041teacher@uet.vnu.edu
10042,Ngô Quốc Hiền,1,10042teacher@uet.vnu.edu
10043,Tô Chí Sơn,1,10043teacher@uet.vnu.edu
10044,Hoàng Trúc Quỳnh,0,10044teacher@uet.vnu.edu
10045,Đỗ Phú Hưng,1,10045teacher@uet.vnu.edu
10046,Lã Uy Phong,1,10046teacher@uet.vnu.edu
10047,Phùng Minh Kiệt,1,10047teacher@uet.vnu.edu
10048,Đặng Xuân Nhi,0,10048teacher@uet.vnu.edu
10049,Nguyễn Sơn Dương,1,10049teacher@uet.vnu.edu
10050,Vũ Gia Bảo,1,10050teacher@uet.vnu.edu
10051,Lã Hiếu Phong,1,10051teacher@uet.vnu.edu
10052,Vũ Duy Hiếu,1,10052teacher@uet.vnu.edu
10053,Đinh Ðức Long,1,10053teacher@uet.vnu.edu
10054,Đinh Kim Ðan,1,10054teacher@uet.vnu.edu
10055,Dương Nguyên Nhân,1,10055teacher@uet.vnu.edu
10056,Hồ Kỳ Duyên,0,10056teacher@uet.vnu.edu
10057,Hoàng Kim Thư,0,10057teacher@uet.vnu.edu
10058,Tô Việt Chính,1,10058teacher@uet.vnu.edu
10059,Ngô Thanh Kiên,1,10059teacher@uet.vnu.edu
10060,Dương Phúc Hòa,1,10060teacher@uet.vnu.edu
10061,Đỗ Ái Nhân,0,10061teacher@uet.vnu.edu
10062,Hồ Bảo Duy,1,10062teacher@uet.vnu.edu
10063,Ngô Việt Hải,1,10063teacher@uet.vnu.edu
10064,Lý Quang Tài,1,10064teacher@uet.vnu.edu
10065,Bùi Minh Vương,1,10065teacher@uet.vnu.edu
10066,Lê Anh Thảo,0,10066teacher@uet.vnu.edu
10067,Trần Hiền Minh,1,10067teacher@uet.vnu.edu
10068,Phùng Ðan Quỳnh,0,10068teacher@uet.vnu.edu
10069,Tô Kim Khuyên,0,10069teacher@uet.vnu.edu
10070,Võ Ái Khanh,0,10070teacher@uet.vnu.edu
10071,Lê Hồng Hà,0,10071teacher@uet.vnu.edu
10072,Đinh Anh Quốc,1,10072teacher@uet.vnu.edu
10073,Phan Tuấn Châu,1,10073teacher@uet.vnu.edu
10074,Hoàng Minh Triết,1,10074teacher@uet.vnu.edu
10075,Đỗ Vĩnh Thọ,1,10075teacher@uet.vnu.edu
10076,Vũ Việt Sơn,1,10076teacher@uet.vnu.edu
10077,Tô Xuân Khoa,1,10077teacher@uet.vnu.edu
10078,Vũ Hồng Diễm,0,10078teacher@uet.vnu.edu
10079,Võ Linh Duyên,0,10079teacher@uet.vnu.edu
10080,Phùng Ðức Giang,1,10080teacher@uet.vnu.edu
10081,Nguyễn Xuân Hiếu,1,10081teacher@uet.vnu.edu
10082,Phan Quỳnh Tiên,0,10082teacher@uet.vnu.edu
10083,Lê Hoàn Vũ,1,10083teacher@uet.vnu.edu
10084,Phan Thái Sơn,1,10084teacher@uet.vnu.edu
10085,Nguyễn Khánh Minh,1,10085teacher@uet.vnu.edu
10086,Phan Hướng Dương,1,10086teacher@uet.vnu.edu
10087,Lã Thụy Vũ,1,10087teacher@uet.vnu.edu
10088,Phạm Mạnh Thiện,1,10088teacher@uet.vnu.edu
10089,Đặng Hạnh My,0,10089teacher@uet.vnu.edu
10090,Lê Kiều Minh,0,10090teacher@uet.vnu.edu
10091,Võ Thanh Phương,0,10091teacher@uet.vnu.edu
10092,Nguyễn Uyển Nhi,0,10092teacher@uet.vnu.edu
10093,Dương Tuyết Tâm,0,10093teacher@uet.vnu.edu
10094,Dương Mộng Lan,0,10094teacher@uet.vnu.edu
10095,Hoàng Bích Hậu,0,10095teacher@uet.vnu.edu
10096,Bùi Ðông Dương,1,10096teacher@uet.vnu.edu
10097,Hoàng Hoàng Phát,1,10097teacher@uet.vnu.edu
10098,Hoàng Ngọc Ánh,0,10098teacher@uet.vnu.edu
10099,Hoàng Huệ Linh,0,10099teacher@uet.vnu.edu
10100,Đỗ Duy Tuyền,1,10100teacher@uet.vnu.edu
10101,Trần Xuân Quân,1,10101teacher@uet.vnu.edu
10102,Dương Minh Hạnh,0,10102teacher@uet.vnu.edu
10103,Đinh Vạn Lý,1,10103teacher@uet.vnu.edu
10104,Võ Trường Phu,1,10104teacher@uet.vnu.edu
10105,Đặng Kim Tuyết,0,10105teacher@uet.vnu.edu
10106,Lê Tịnh Lâm,0,10106teacher@uet.vnu.edu
10107,Võ Thu Hiền,0,10107teacher@uet.vnu.edu
10108,Tô Lan Thương,0,10108teacher@uet.vnu.edu
10109,Ngô Thanh Hà,0,10109teacher@uet.vnu.edu
10110,Lê Thảo Vy,0,10110teacher@uet.vnu.edu
10111,Đỗ Quốc Thông,1,10111teacher@uet.vnu.edu
10112,Hoàng Công Sinh,1,10112teacher@uet.vnu.edu
10113,Phùng Thanh Huyền,0,10113teacher@uet.vnu.edu
10114,Ngô Thu Oanh,0,10114teacher@uet.vnu.edu
10115,Nguyễn Hoàng Thư,0,10115teacher@uet.vnu.edu
10116,Tô Hữu Khanh,1,10116teacher@uet.vnu.edu
10117,Đinh Lan Trúc,0,10117teacher@uet.vnu.edu
10118,Đinh Hoàng Hiệp,1,10118teacher@uet.vnu.edu
10119,Hoàng Bảo Huỳnh,1,10119teacher@uet.vnu.edu
10120,Đinh Vương Việt,1,10120teacher@uet.vnu.edu
10121,Hoàng An Khang,1,10121teacher@uet.vnu.edu
10122,Bùi Hữu Canh,1,10122teacher@uet.vnu.edu
10123,Bùi Minh Dân,1,10123teacher@uet.vnu.edu
10124,Hồ Hướng Dương,0,10124teacher@uet.vnu.edu
10125,Bùi Thiện Khiêm,1,10125teacher@uet.vnu.edu
10126,Lý Hồng Đức,1,10126teacher@uet.vnu.edu
10127,Nguyễn Quang Trung,1,10127teacher@uet.vnu.edu
10128,Hồ Ðan Quỳnh,0,10128teacher@uet.vnu.edu
10129,Dương Ngọc Huệ,0,10129teacher@uet.vnu.edu
10130,Hồ Tâm Nhi,0,10130teacher@uet.vnu.edu
10131,Phùng Thái Sơn,1,10131teacher@uet.vnu.edu
10132,Đặng Chí Hiếu,1,10132teacher@uet.vnu.edu
10133,Lã Quang Tài,1,10133teacher@uet.vnu.edu
10134,Võ Xuân Bình,1,10134teacher@uet.vnu.edu
10135,Lý Khánh Hải,1,10135teacher@uet.vnu.edu
10136,Hoàng Phúc Nguyên,1,10136teacher@uet.vnu.edu
10137,Vũ Hoài Bắc,1,10137teacher@uet.vnu.edu
10138,Tô Thượng Liệt,1,10138teacher@uet.vnu.edu
10139,Vũ Hồng Thu,0,10139teacher@uet.vnu.edu
10140,Ngô Bình Dương,1,10140teacher@uet.vnu.edu
10141,Vũ Tuệ Nhi,0,10141teacher@uet.vnu.edu
10142,Võ An Bình,0,10142teacher@uet.vnu.edu
10143,Đỗ Thái Minh,1,10143teacher@uet.vnu.edu
10144,Bùi Quang Nhật,1,10144teacher@uet.vnu.edu
10145,Đặng Hoài Thương,0,10145teacher@uet.vnu.edu
10146,Đỗ Bảo Lễ,0,10146teacher@uet.vnu.edu
10147,Đặng Tố Nga,0,10147teacher@uet.vnu.edu
10148,Phan Quang Khải,1,10148teacher@uet.vnu.edu
10149,Nguyễn Hoài Trung,1,10149teacher@uet.vnu.edu
10150,Ngô Diệu Vân,0,10150teacher@uet.vnu.edu
10151,Tô Phi Nhạn,1,10151teacher@uet.vnu.edu
10152,Nguyễn Lam Ngọc,0,10152teacher@uet.vnu.edu
10153,Nguyễn Việt Anh,1,10153teacher@uet.vnu.edu
10154,Bùi Quang Thắng,1,10154teacher@uet.vnu.edu
10155,Tô Ngọc Thạch,1,10155teacher@uet.vnu.edu
10156,Ngô Trúc Đào,0,10156teacher@uet.vnu.edu
10157,Tô Tuấn Minh,1,10157teacher@uet.vnu.edu
10158,Trần Hương Xuân,0,10158teacher@uet.vnu.edu
10159,Lý Thiên Nương,0,10159teacher@uet.vnu.edu
10160,Võ Anh Việt,1,10160teacher@uet.vnu.edu
10161,Vũ Hùng Cường,1,10161teacher@uet.vnu.edu
10162,Bùi Mỹ Vân,0,10162teacher@uet.vnu.edu
10163,Tô Như Phương,0,10163teacher@uet.vnu.edu
10164,Nguyễn Thanh Uyên,0,10164teacher@uet.vnu.edu
10165,Võ Huy Khánh,1,10165teacher@uet.vnu.edu
10166,Phạm Ðông Hải,1,10166teacher@uet.vnu.edu
10167,Lý Nhã Trang,0,10167teacher@uet.vnu.edu
10168,Đỗ Chí Sơn,1,10168teacher@uet.vnu.edu
10169,Lê Diễm Trang,0,10169teacher@uet.vnu.edu
10170,Lê Việt Thương,1,10170teacher@uet.vnu.edu
10171,Đỗ Kỳ Diệu,0,10171teacher@uet.vnu.edu
10172,Lã Diệu Linh,0,10172teacher@uet.vnu.edu
10173,Võ Hương Lan,0,10173teacher@uet.vnu.edu
10174,Nguyễn Linh Trang,0,10174teacher@uet.vnu.edu
10175,Nguyễn Linh Giang,0,10175teacher@uet.vnu.edu
10176,Trần Minh Sơn,1,10176teacher@uet.vnu.edu
10177,Võ Yến Mai,0,10177teacher@uet.vnu.edu
10178,Vũ Hồng Xuân,0,10178teacher@uet.vnu.edu
10179,Nguyễn Yến Nhi,0,10179teacher@uet.vnu.edu
10180,Đỗ Nhật Ánh,0,10180teacher@uet.vnu.edu
10181,Vũ Mộng Quỳnh,0,10181teacher@uet.vnu.edu
10182,Phùng Thành Ân,1,10182teacher@uet.vnu.edu
10183,Lê Ðức Bảo,1,10183teacher@uet.vnu.edu
10184,Đặng Yến My,0,10184teacher@uet.vnu.edu
10185,Hoàng Quốc Hưng,1,10185teacher@uet.vnu.edu
10186,Ngô Lâm Vũ,1,10186teacher@uet.vnu.edu
10187,Đặng Hoàng Khải,1,10187teacher@uet.vnu.edu
10188,Lã Băng Tâm,0,10188teacher@uet.vnu.edu
10189,Phùng Nam Thanh,1,10189teacher@uet.vnu.edu
10190,Bùi Thanh Hải,1,10190teacher@uet.vnu.edu
10191,Dương Thanh Ngân,0,10191teacher@uet.vnu.edu
10192,Võ Quang Dũng,1,10192teacher@uet.vnu.edu
10193,Hồ Tú Tâm,0,10193teacher@uet.vnu.edu
10194,Võ Diễm Uyên,0,10194teacher@uet.vnu.edu
10195,Đinh Bích Ngà,0,10195teacher@uet.vnu.edu
10196,Phùng Nam Phi,1,10196teacher@uet.vnu.edu
10197,Đặng Hoàn Kiếm,1,10197teacher@uet.vnu.edu
10198,Hoàng Quốc Thiện,1,10198teacher@uet.vnu.edu
10199,Nguyễn Trúc Sinh,1,10199teacher@uet.vnu.edu
10200,Hồ Khắc Công,1,10200teacher@uet.vnu.edu
10201,Dương Thùy Mi,0,10201teacher@uet.vnu.edu
10202,Lê Huy Kha,1,10202teacher@uet.vnu.edu
10203,Tô Thiện Ân,1,10203teacher@uet.vnu.edu
10204,Đinh Lục Bình,0,10204teacher@uet.vnu.edu
10205,Lý Xuân Yến,0,10205teacher@uet.vnu.edu
10206,Hồ Trà My,0,10206teacher@uet.vnu.edu
10207,Trần Tuấn Tú,1,10207teacher@uet.vnu.edu
10208,Hồ Ðức Trung,1,10208teacher@uet.vnu.edu
10209,Hoàng Việt Hải,1,10209teacher@uet.vnu.edu
10210,Đỗ Nguyên Văn,1,10210teacher@uet.vnu.edu
10211,Đỗ Ngọc Tú,0,10211teacher@uet.vnu.edu
10212,Trần Lệ Băng,0,10212teacher@uet.vnu.edu
10213,Vũ Phượng Vũ,0,10213teacher@uet.vnu.edu
10214,Đặng Công Thành,1,10214teacher@uet.vnu.edu
10215,Trần Ðồng Bằng,1,10215teacher@uet.vnu.edu
10216,Lý Thủy Tiên,0,10216teacher@uet.vnu.edu
10217,Lê Việt Khoa,1,10217teacher@uet.vnu.edu
10218,Lê Thành Hòa,1,10218teacher@uet.vnu.edu
10219,Đinh Quỳnh Giao,0,10219teacher@uet.vnu.edu
10220,Lý Trung Dũng,1,10220teacher@uet.vnu.edu
10221,Bùi Vinh Quốc,1,10221teacher@uet.vnu.edu
10222,Đinh Phúc Sinh,1,10222teacher@uet.vnu.edu
10223,Phùng Duy Thành,1,10223teacher@uet.vnu.edu
10224,Hồ Thanh Thư,0,10224teacher@uet.vnu.edu
10225,Đỗ Thùy Giang,0,10225teacher@uet.vnu.edu
10226,Bùi Đan Thu,0,10226teacher@uet.vnu.edu
10227,Lý Hằng Anh,0,10227teacher@uet.vnu.edu
10228,Hồ Ðình Ðôn,1,10228teacher@uet.vnu.edu
10229,Hoàng Thanh Tùng,1,10229teacher@uet.vnu.edu
10230,Dương Việt Quốc,1,10230teacher@uet.vnu.edu
10231,Tô Quốc Bảo,1,10231teacher@uet.vnu.edu
10232,Hoàng Song Kê,0,10232teacher@uet.vnu.edu
10233,Lê Phước Sơn,1,10233teacher@uet.vnu.edu
10234,Nguyễn Ngọc Mai,0,10234teacher@uet.vnu.edu
10235,Lê Cẩm Hiền,0,10235teacher@uet.vnu.edu
10236,Phùng Thanh Hào,1,10236teacher@uet.vnu.edu
10237,Phùng Diễm Quỳnh,0,10237teacher@uet.vnu.edu
10238,Vũ Thy Trúc,0,10238teacher@uet.vnu.edu
10239,Đinh Cẩm Hạnh,0,10239teacher@uet.vnu.edu
10240,Ngô Thu Huyền,0,10240teacher@uet.vnu.edu
10241,Trần Mai Ly,0,10241teacher@uet.vnu.edu
10242,Hồ Quốc Thành,1,10242teacher@uet.vnu.edu
10243,Lê Như Phương,0,10243teacher@uet.vnu.edu
10244,Tô Thủy Linh,0,10244teacher@uet.vnu.edu
10245,Lã Sơn Hải,1,10245teacher@uet.vnu.edu
10246,Võ Tiểu Bảo,1,10246teacher@uet.vnu.edu
10247,Đặng Bạch Kim,0,10247teacher@uet.vnu.edu
10248,Nguyễn Dã Lan,0,10248teacher@uet.vnu.edu
10249,Trần Vĩnh Thụy,1,10249teacher@uet.vnu.edu
10250,Vũ Trúc Vân,0,10250teacher@uet.vnu.edu
10251,Trần Nhật Huy,1,10251teacher@uet.vnu.edu
10252,Đinh Thuận Hòa,1,10252teacher@uet.vnu.edu
10253,Nguyễn Dạ Thảo,0,10253teacher@uet.vnu.edu
10254,Bùi Thụy Vũ,1,10254teacher@uet.vnu.edu
10255,Phạm Thiên Lan,0,10255teacher@uet.vnu.edu
10256,Lý Liên Hoa,0,10256teacher@uet.vnu.edu
10257,Ngô Diễm Trang,0,10257teacher@uet.vnu.edu
10258,Phạm Lam Giang,0,10258teacher@uet.vnu.edu
10259,Dương Tinh Tú,0,10259teacher@uet.vnu.edu
10260,Võ Minh Cảnh,1,10260teacher@uet.vnu.edu
10261,Phạm Ðức Tuệ,1,10261teacher@uet.vnu.edu
10262,Lã Quý Khánh,1,10262teacher@uet.vnu.edu
10263,Lã Bích Trâm,0,10263teacher@uet.vnu.edu
10264,Bùi Kim Liên,0,10264teacher@uet.vnu.edu
10265,Tô Ðức Minh,1,10265teacher@uet.vnu.edu
10266,Hoàng Ngọc Anh,0,10266teacher@uet.vnu.edu
10267,Phạm Hiệp Hà,1,10267teacher@uet.vnu.edu
10268,Bùi Trung Nghĩa,1,10268teacher@uet.vnu.edu
10269,Vũ Thu Phượng,0,10269teacher@uet.vnu.edu
10270,Ngô Nguyết Ánh,0,10270teacher@uet.vnu.edu
10271,Hoàng Bạch Liên,0,10271teacher@uet.vnu.edu
10272,Trần Bích Trang,0,10272teacher@uet.vnu.edu
10273,Võ Thiên Nga,0,10273teacher@uet.vnu.edu
10274,Đặng Vĩnh Hải,1,10274teacher@uet.vnu.edu
10275,Đỗ An Tường,1,10275teacher@uet.vnu.edu
10276,Phan Ðan Tâm,1,10276teacher@uet.vnu.edu
10277,Dương Mỹ Uyên,0,10277teacher@uet.vnu.edu
10278,Phùng Thành Trung,1,10278teacher@uet.vnu.edu
10279,Đỗ Phương Dung,0,10279teacher@uet.vnu.edu
10280,Đinh Thiên Mai,0,10280teacher@uet.vnu.edu
10281,Hồ Uyên Vi,0,10281teacher@uet.vnu.edu
10282,Đặng Hữu Khoát,1,10282teacher@uet.vnu.edu
10283,Dương Mai Phương,0,10283teacher@uet.vnu.edu
10284,Võ Tinh Tú,0,10284teacher@uet.vnu.edu
10285,Phùng Huyền Thoại,0,10285teacher@uet.vnu.edu
10286,Nguyễn Quang Trọng,1,10286teacher@uet.vnu.edu
10287,Phạm Ðông Tuyền,0,10287teacher@uet.vnu.edu
10288,Đặng Hà Nhi,0,10288teacher@uet.vnu.edu
10289,Võ Uyên Trâm,0,10289teacher@uet.vnu.edu
10290,Võ Ánh Hoa,0,10290teacher@uet.vnu.edu
10291,Đinh Thiện Tiên,0,10291teacher@uet.vnu.edu
10292,Hoàng Bích Hảo,0,10292teacher@uet.vnu.edu
10293,Hồ Toàn Thắng,1,10293teacher@uet.vnu.edu
10294,Lý Hạc Cúc,0,10294teacher@uet.vnu.edu
10295,Tô Hòa Hợp,1,10295teacher@uet.vnu.edu
10296,Nguyễn Tuyết Nga,0,10296teacher@uet.vnu.edu
10297,Ngô Trúc Cương,1,10297teacher@uet.vnu.edu
10298,Đinh Mộng Ðiệp,0,10298teacher@uet.vnu.edu
10299,Dương Hùng Cường,1,10299teacher@uet.vnu.edu
10300,Bùi Hiệp Hào,1,10300teacher@uet.vnu.edu
10301,Ngô Thái Thảo,0,10301teacher@uet.vnu.edu
10302,Võ Quốc Thiện,1,10302teacher@uet.vnu.edu
10303,Dương Thiên Hưng,1,10303teacher@uet.vnu.edu
10304,Hoàng Quỳnh Hoa,0,10304teacher@uet.vnu.edu
10305,Trần Gia Hân,0,10305teacher@uet.vnu.edu
10306,Trần Vân Linh,0,10306teacher@uet.vnu.edu
10307,Ngô Ngọc Liên,0,10307teacher@uet.vnu.edu
10308,Phan Tùng Quang,1,10308teacher@uet.vnu.edu
10309,Bùi Ðức Nhân,1,10309teacher@uet.vnu.edu
10310,Tô Kiều Mỹ,0,10310teacher@uet.vnu.edu
10311,Phan Nguyệt Ánh,0,10311teacher@uet.vnu.edu
10312,Phạm Trúc Ly,0,10312teacher@uet.vnu.edu
10313,Trần Thu Oanh,0,10313teacher@uet.vnu.edu
10314,Phạm Huy Thành,1,10314teacher@uet.vnu.edu
10315,Hoàng Ngọc Lân,1,10315teacher@uet.vnu.edu
10316,Đỗ An Hạ,0,10316teacher@uet.vnu.edu
10317,Lã Trọng Nghĩa,1,10317teacher@uet.vnu.edu
10318,Võ Bá Thúc,1,10318teacher@uet.vnu.edu
10319,Nguyễn Thụy Ðào,0,10319teacher@uet.vnu.edu
10320,Hoàng Việt Nhân,1,10320teacher@uet.vnu.edu
10321,Phùng Quốc Hoàng,1,10321teacher@uet.vnu.edu
10322,Bùi Quang Danh,1,10322teacher@uet.vnu.edu
10323,Đinh Bảo Hân,0,10323teacher@uet.vnu.edu
10324,Lê Ngọc Thọ,1,10324teacher@uet.vnu.edu
10325,Dương Bảo Huỳnh,1,10325teacher@uet.vnu.edu
10326,Đặng Khánh Huy,1,10326teacher@uet.vnu.edu
10327,Phạm Bích Thảo,0,10327teacher@uet.vnu.edu
10328,Lã Diệu Nga,0,10328teacher@uet.vnu.edu
10329,Hoàng Trúc Vy,0,10329teacher@uet.vnu.edu
10330,Đinh Ngọc Quang,1,10330teacher@uet.vnu.edu
10331,Tô Minh Hùng,1,10331teacher@uet.vnu.edu
10332,Đỗ Phong Lan,0,10332teacher@uet.vnu.edu
10333,Phạm Thùy Linh,0,10333teacher@uet.vnu.edu
10334,Vũ Công Lý,1,10334teacher@uet.vnu.edu
10335,Phùng Ðức Hạnh,1,10335teacher@uet.vnu.edu
10336,Vũ Ngọc Thạch,1,10336teacher@uet.vnu.edu
10337,Phan Tú Nguyệt,0,10337teacher@uet.vnu.edu
10338,Hồ Ngọc Huy,1,10338teacher@uet.vnu.edu
10339,Dương Bảo Vy,0,10339teacher@uet.vnu.edu
10340,Hồ Minh Hồng,0,10340teacher@uet.vnu.edu
10341,Phùng Tuệ Lâm,0,10341teacher@uet.vnu.edu
10342,Trần Gia Phong,1,10342teacher@uet.vnu.edu
10343,Tô Thục Quyên,0,10343teacher@uet.vnu.edu
10344,Hồ Khả Tú,0,10344teacher@uet.vnu.edu
10345,Nguyễn Cát Ly,0,10345teacher@uet.vnu.edu
10346,Phùng Hữu Hạnh,1,10346teacher@uet.vnu.edu
10347,Lã Quốc Quý,1,10347teacher@uet.vnu.edu
10348,Dương Bảo Bình,0,10348teacher@uet.vnu.edu
10349,Hoàng Thành Ý,1,10349teacher@uet.vnu.edu
10350,Lã Tịnh Tâm,0,10350teacher@uet.vnu.edu
10351,Tô Hải Long,1,10351teacher@uet.vnu.edu
10352,Dương Thu Phương,0,10352teacher@uet.vnu.edu
10353,Lý Nguyệt Quế,0,10353teacher@uet.vnu.edu
10354,Đỗ Danh Văn,1,10354teacher@uet.vnu.edu
10355,Vũ Thu Yến,0,10355teacher@uet.vnu.edu
10356,Lê Anh Thảo,0,10356teacher@uet.vnu.edu
10357,Phạm Thúy Vy,0,10357teacher@uet.vnu.edu
10358,Lý Sơn Dương,1,10358teacher@uet.vnu.edu
10359,Vũ Xuân Bình,1,10359teacher@uet.vnu.edu
10360,Bùi Công Tuấn,1,10360teacher@uet.vnu.edu
10361,Hoàng Trung Ðức,1,10361teacher@uet.vnu.edu
10362,Đỗ Bảo Huệ,0,10362teacher@uet.vnu.edu
10363,Phan Ðông Nghi,0,10363teacher@uet.vnu.edu
10364,Đỗ Bá Thiện,1,10364teacher@uet.vnu.edu
10365,Bùi Hồng Thụy,1,10365teacher@uet.vnu.edu
10366,Nguyễn Khúc Lan,0,10366teacher@uet.vnu.edu
10367,Phùng Thanh Thúy,0,10367teacher@uet.vnu.edu
10368,Ngô Quỳnh Vân,0,10368teacher@uet.vnu.edu
10369,Lã Thúy Vy,0,10369teacher@uet.vnu.edu
10370,Ngô Hữu Hoàng,1,10370teacher@uet.vnu.edu
10371,Nguyễn Hồng Khanh,0,10371teacher@uet.vnu.edu
10372,Phan Anh Chi,0,10372teacher@uet.vnu.edu
10373,Võ Ngọc Ly,0,10373teacher@uet.vnu.edu
10374,Lã Ngọc Ðào,0,10374teacher@uet.vnu.edu
10375,Hoàng Thu Liên,0,10375teacher@uet.vnu.edu
10376,Võ Mỹ Phương,0,10376teacher@uet.vnu.edu
10377,Nguyễn Trung Thực,1,10377teacher@uet.vnu.edu
10378,Trần Vĩnh Thụy,1,10378teacher@uet.vnu.edu
10379,Lý Kim Toàn,1,10379teacher@uet.vnu.edu
10380,Vũ Việt Phương,1,10380teacher@uet.vnu.edu
10381,Ngô Hải Phương,0,10381teacher@uet.vnu.edu
10382,Phùng Thanh Phương,0,10382teacher@uet.vnu.edu
10383,Ngô Việt Dương,1,10383teacher@uet.vnu.edu
10384,Lê Hương Mai,0,10384teacher@uet.vnu.edu
10385,Phạm Bích Ngân,0,10385teacher@uet.vnu.edu
10386,Hồ Mai Hà,0,10386teacher@uet.vnu.edu
10387,Đinh Bá Lộc,1,10387teacher@uet.vnu.edu
10388,Đinh Quang Minh,1,10388teacher@uet.vnu.edu
10389,Phan Thanh Hoa,0,10389teacher@uet.vnu.edu
10390,Đỗ Hương Chi,0,10390teacher@uet.vnu.edu
10391,Đặng Bảo Anh,0,10391teacher@uet.vnu.edu
10392,Tô Quang Tú,1,10392teacher@uet.vnu.edu
10393,Đặng Thái San,1,10393teacher@uet.vnu.edu
10394,Ngô Hoàng Dũng,1,10394teacher@uet.vnu.edu
10395,Vũ Hồng Ðiệp,0,10395teacher@uet.vnu.edu
10396,Hoàng Giang Thiên,1,10396teacher@uet.vnu.edu
10397,Hoàng Bá Lộc,1,10397teacher@uet.vnu.edu
10398,Hồ Tâm Đan,0,10398teacher@uet.vnu.edu
10399,Lý Hải Nhi,0,10399teacher@uet.vnu.edu
10400,Phan Hạnh Dung,0,10400teacher@uet.vnu.edu
10401,Phùng Việt Phong,1,10401teacher@uet.vnu.edu
10402,Hồ Ngọc San,0,10402teacher@uet.vnu.edu
10403,Bùi Quang Vũ,1,10403teacher@uet.vnu.edu
10404,Phan Ngọc Cảnh,1,10404teacher@uet.vnu.edu
10405,Hồ Thi Yến,0,10405teacher@uet.vnu.edu
10406,Tô Minh Ðan,1,10406teacher@uet.vnu.edu
10407,Trần Quốc Hiền,1,10407teacher@uet.vnu.edu
10408,Phan Kim Duyên,0,10408teacher@uet.vnu.edu
10409,Lê Đoan Trang,0,10409teacher@uet.vnu.edu
10410,Võ Dạ Thi,0,10410teacher@uet.vnu.edu
10411,Phùng Duy Cẩn,1,10411teacher@uet.vnu.edu
10412,Bùi Thành Ý,1,10412teacher@uet.vnu.edu
10413,Đặng Tuyết Loan,0,10413teacher@uet.vnu.edu
10414,Hoàng Ðông Sơn,1,10414teacher@uet.vnu.edu
10415,Trần Thế An,1,10415teacher@uet.vnu.edu
10416,Võ Minh An,0,10416teacher@uet.vnu.edu
10417,Nguyễn Anh Thái,1,10417teacher@uet.vnu.edu
10418,Võ Thanh Tịnh,1,10418teacher@uet.vnu.edu
10419,Trần Xuân Thanh,0,10419teacher@uet.vnu.edu
10420,Lã Nguyên Khang,1,10420teacher@uet.vnu.edu
10421,Vũ Ðức Thành,1,10421teacher@uet.vnu.edu
10422,Lã Nghị Quyền,1,10422teacher@uet.vnu.edu
10423,Vũ Hiếu Nghĩa,1,10423teacher@uet.vnu.edu
10424,Phùng Khánh My,0,10424teacher@uet.vnu.edu
10425,Trần Hoài An,0,10425teacher@uet.vnu.edu
10426,Trần Đông Nghi,0,10426teacher@uet.vnu.edu
10427,Phạm Ðình Kim,1,10427teacher@uet.vnu.edu
10428,Trần Hoa Liên,0,10428teacher@uet.vnu.edu
10429,Võ Uy Phong,1,10429teacher@uet.vnu.edu
10430,Lã Khánh Minh,1,10430teacher@uet.vnu.edu
10431,Phạm Nguyệt Ánh,0,10431teacher@uet.vnu.edu
10432,Đinh Thanh Tuyết,0,10432teacher@uet.vnu.edu
10433,Dương Ái Hồng,0,10433teacher@uet.vnu.edu
10434,Lã Minh Yến,0,10434teacher@uet.vnu.edu
10435,Lý Nam Việt,1,10435teacher@uet.vnu.edu
10436,Trần Giao Hưởng,0,10436teacher@uet.vnu.edu
10437,Dương Mỹ Khuyên,0,10437teacher@uet.vnu.edu
10438,Phùng Thụy Trinh,0,10438teacher@uet.vnu.edu
10439,Bùi Thanh Vân,0,10439teacher@uet.vnu.edu
10440,Nguyễn Công Luận,1,10440teacher@uet.vnu.edu
10441,Lã Thái Hòa,1,10441teacher@uet.vnu.edu
10442,Lý Huyền Diệu,0,10442teacher@uet.vnu.edu
10443,Trần Ý Nhi,0,10443teacher@uet.vnu.edu
10444,Võ Gia Quỳnh,0,10444teacher@uet.vnu.edu
10445,Vũ Trọng Tường,1,10445teacher@uet.vnu.edu
10446,Phùng Bảo Long,1,10446teacher@uet.vnu.edu
10447,Dương Lâm Ðồng,1,10447teacher@uet.vnu.edu
10448,Hoàng Quốc Bình,1,10448teacher@uet.vnu.edu
10449,Lý Mộng Vy,0,10449teacher@uet.vnu.edu
10450,Phùng Tiến Ðức,1,10450teacher@uet.vnu.edu
10451,Đinh Sơn Hà,1,10451teacher@uet.vnu.edu
10452,Hoàng Minh Quang,1,10452teacher@uet.vnu.edu
10453,Đỗ Tịnh Lâm,0,10453teacher@uet.vnu.edu
10454,Phạm Quang Hưng,1,10454teacher@uet.vnu.edu
10455,Trần Diệu Loan,0,10455teacher@uet.vnu.edu
10456,Lý Hiểu Lam,0,10456teacher@uet.vnu.edu
10457,Đặng Thanh Trúc,0,10457teacher@uet.vnu.edu
10458,Bùi Huy Vũ,1,10458teacher@uet.vnu.edu
10459,Lã An Nam,1,10459teacher@uet.vnu.edu
10460,Hồ Linh Nhi,0,10460teacher@uet.vnu.edu
10461,Bùi Thanh Mẫn,0,10461teacher@uet.vnu.edu
10462,Hoàng Hồng Giang,0,10462teacher@uet.vnu.edu
10463,Vũ Tố Loan,0,10463teacher@uet.vnu.edu
10464,Hồ Cương Nghị,1,10464teacher@uet.vnu.edu
10465,Võ Trang Linh,0,10465teacher@uet.vnu.edu
10466,Đinh Yên Bình,1,10466teacher@uet.vnu.edu
10467,Phạm Uyển Nhã,0,10467teacher@uet.vnu.edu
10468,Lý Thơ Thơ,0,10468teacher@uet.vnu.edu
10469,Lê Thanh Toàn,1,10469teacher@uet.vnu.edu
10470,Đỗ Vân Sơn,1,10470teacher@uet.vnu.edu
10471,Lý Công Lý,1,10471teacher@uet.vnu.edu
10472,Lý Gia Hiệp,1,10472teacher@uet.vnu.edu
10473,Lê Lập Thành,1,10473teacher@uet.vnu.edu
10474,Võ Hoàng Khôi,1,10474teacher@uet.vnu.edu
10475,Nguyễn Tùng Linh,1,10475teacher@uet.vnu.edu
10476,Lê Hàm Nghi,0,10476teacher@uet.vnu.edu
10477,Võ Phú Thọ,1,10477teacher@uet.vnu.edu
10478,Đỗ Ðinh Lộc,1,10478teacher@uet.vnu.edu
10479,Phùng Trân Châu,0,10479teacher@uet.vnu.edu
10480,Phan Phước Huệ,0,10480teacher@uet.vnu.edu
10481,Lã Mỹ Nhi,0,10481teacher@uet.vnu.edu
10482,Phạm Thanh Thủy,0,10482teacher@uet.vnu.edu
10483,Lã Minh Minh,0,10483teacher@uet.vnu.edu
10484,Tô Trung Chuyên,1,10484teacher@uet.vnu.edu
10485,Phạm Kim Cương,0,10485teacher@uet.vnu.edu
10486,Phùng Khắc Triệu,1,10486teacher@uet.vnu.edu
10487,Lã Ðức Bằng,1,10487teacher@uet.vnu.edu
10488,Vũ Tấn Thành,1,10488teacher@uet.vnu.edu
10489,Đinh Từ Ðông,1,10489teacher@uet.vnu.edu
10490,Dương Dã Thảo,0,10490teacher@uet.vnu.edu
10491,Tô Công Phụng,1,10491teacher@uet.vnu.edu
10492,Phùng Thúy Loan,0,10492teacher@uet.vnu.edu
10493,Võ Minh Duyên,0,10493teacher@uet.vnu.edu
10494,Dương Việt Thông,1,10494teacher@uet.vnu.edu
10495,Võ Nguyệt Lan,0,10495teacher@uet.vnu.edu
10496,Lã Tất Hiếu,1,10496teacher@uet.vnu.edu
10497,Ngô Phượng Long,1,10497teacher@uet.vnu.edu
10498,Hoàng Ðông Tuyền,0,10498teacher@uet.vnu.edu
10499,Ngô Quang Vinh,1,10499teacher@uet.vnu.edu
10500,Lý Mỹ Nhân,0,10500teacher@uet.vnu.edu
10501,Lý Hồng Ngân,0,10501teacher@uet.vnu.edu
10502,Phùng Hữu Chiến,1,10502teacher@uet.vnu.edu
10503,Ngô Trường Hiệp,1,10503teacher@uet.vnu.edu
10504,Phạm Phúc Thịnh,1,10504teacher@uet.vnu.edu
10505,Bùi Hương Liên,0,10505teacher@uet.vnu.edu
10506,Bùi Tuyết Băng,0,10506teacher@uet.vnu.edu
10507,Lã Việt Thái,1,10507teacher@uet.vnu.edu
10508,Phạm Chuẩn Khoa,1,10508teacher@uet.vnu.edu
10509,Tô Tuyết Lan,0,10509teacher@uet.vnu.edu
10510,Nguyễn Việt Huy,1,10510teacher@uet.vnu.edu
10511,Đỗ Quang Minh,1,10511teacher@uet.vnu.edu
10512,Hồ Bích Hải,0,10512teacher@uet.vnu.edu
10513,Phạm Trọng Trí,1,10513teacher@uet.vnu.edu
10514,Đinh Diễm Thảo,0,10514teacher@uet.vnu.edu
10515,Đặng Thái Hòa,1,10515teacher@uet.vnu.edu
10516,Trần Lệ Quyên,0,10516teacher@uet.vnu.edu
10517,Bùi Tuệ Nhi,0,10517teacher@uet.vnu.edu
10518,Hồ Mai Liên,0,10518teacher@uet.vnu.edu
10519,Lê Vạn Hạnh,1,10519teacher@uet.vnu.edu
10520,Phạm Minh Khang,1,10520teacher@uet.vnu.edu
10521,Vũ Mỹ Nương,0,10521teacher@uet.vnu.edu
10522,Nguyễn Tuấn Hải,1,10522teacher@uet.vnu.edu
10523,Lê Bạch Loan,0,10523teacher@uet.vnu.edu
10524,Trần Trường Long,1,10524teacher@uet.vnu.edu
10525,Phạm Thành Nguyên,1,10525teacher@uet.vnu.edu
10526,Tô Song Thư,0,10526teacher@uet.vnu.edu
10527,Vũ Thế Quyền,1,10527teacher@uet.vnu.edu
10528,Vũ Anh Ðức,1,10528teacher@uet.vnu.edu
10529,Hồ Trường Phát,1,10529teacher@uet.vnu.edu
10530,Lê Phú Thọ,1,10530teacher@uet.vnu.edu
10531,Hoàng Ánh Nguyệt,0,10531teacher@uet.vnu.edu
10532,Tô Ðoan Trang,0,10532teacher@uet.vnu.edu
10533,Tô Bích Duyên,0,10533teacher@uet.vnu.edu
10534,Hồ Chí Bảo,1,10534teacher@uet.vnu.edu
10535,Phạm Phú Hùng,1,10535teacher@uet.vnu.edu
10536,Võ Như Quân,0,10536teacher@uet.vnu.edu
10537,Đinh Hữu Long,1,10537teacher@uet.vnu.edu
10538,Phạm Minh Hải,1,10538teacher@uet.vnu.edu
10539,Võ Phong Châu,1,10539teacher@uet.vnu.edu
10540,Võ Chính Tâm,1,10540teacher@uet.vnu.edu
10541,Hồ Hồng Ðăng,1,10541teacher@uet.vnu.edu
10542,Lã Thi Ngôn,0,10542teacher@uet.vnu.edu
10543,Phan Vạn Hạnh,1,10543teacher@uet.vnu.edu
10544,Dương Mai Nhi,0,10544teacher@uet.vnu.edu
10545,Đinh Trường Vinh,1,10545teacher@uet.vnu.edu
10546,Hồ Tuấn Chương,1,10546teacher@uet.vnu.edu
10547,Phạm Việt An,1,10547teacher@uet.vnu.edu
10548,Hồ Duy Thành,1,10548teacher@uet.vnu.edu
10549,Võ Quỳnh Liên,0,10549teacher@uet.vnu.edu
10550,Hoàng Ðức Trung,1,10550teacher@uet.vnu.edu
10551,Nguyễn Khánh Thủy,0,10551teacher@uet.vnu.edu
10552,Lê Thành An,1,10552teacher@uet.vnu.edu
10553,Hoàng Bích Lam,0,10553teacher@uet.vnu.edu
10554,Phạm Mậu Xuân,0,10554teacher@uet.vnu.edu
10555,Phùng Ðịnh Siêu,1,10555teacher@uet.vnu.edu
10556,Vũ Mai Trinh,0,10556teacher@uet.vnu.edu
10557,Đinh Quốc Hiển,1,10557teacher@uet.vnu.edu
10558,Lê Chí Anh,1,10558teacher@uet.vnu.edu
10559,Vũ Tích Ðức,1,10559teacher@uet.vnu.edu
10560,Võ Thục Ðình,0,10560teacher@uet.vnu.edu
10561,Tô An Bình,0,10561teacher@uet.vnu.edu
10562,Trần Hà Nhi,0,10562teacher@uet.vnu.edu
10563,Lã Anh Quân,1,10563teacher@uet.vnu.edu
10564,Lý Ðức Chính,1,10564teacher@uet.vnu.edu
10565,Võ Ðông Dương,1,10565teacher@uet.vnu.edu
10566,Trần Mạnh Tấn,1,10566teacher@uet.vnu.edu
10567,Vũ Thiên Trang,0,10567teacher@uet.vnu.edu
10568,Vũ Lệ Thanh,0,10568teacher@uet.vnu.edu
10569,Hồ Ái Linh,0,10569teacher@uet.vnu.edu
10570,Hồ Tường Nguyên,1,10570teacher@uet.vnu.edu
10571,Tô Mai Ly,0,10571teacher@uet.vnu.edu
10572,Nguyễn Huy Hà,1,10572teacher@uet.vnu.edu
10573,Phan Gia Cẩn,1,10573teacher@uet.vnu.edu
10574,Bùi Chiêu Phong,1,10574teacher@uet.vnu.edu
10575,Đặng Thế Quyền,1,10575teacher@uet.vnu.edu
10576,Lý Khánh Hoàn,1,10576teacher@uet.vnu.edu
10577,Ngô Trà My,0,10577teacher@uet.vnu.edu
10578,Phùng Thu Trang,0,10578teacher@uet.vnu.edu
10579,Đinh Tâm Khanh,0,10579teacher@uet.vnu.edu
10580,Phạm Huệ Phương,0,10580teacher@uet.vnu.edu
10581,Bùi Hoàng Quân,1,10581teacher@uet.vnu.edu
10582,Đỗ Phương Trâm,0,10582teacher@uet.vnu.edu
10583,Lê Thụy Ðào,0,10583teacher@uet.vnu.edu
10584,Dương Thành Tín,1,10584teacher@uet.vnu.edu
10585,Phạm Huy Trân,1,10585teacher@uet.vnu.edu
10586,Nguyễn Thu Phương,0,10586teacher@uet.vnu.edu
10587,Tô Tường Anh,1,10587teacher@uet.vnu.edu
10588,Nguyễn Duy Hiền,1,10588teacher@uet.vnu.edu
10589,Trần Hiểu Vân,0,10589teacher@uet.vnu.edu
10590,Nguyễn Mộng Vy,0,10590teacher@uet.vnu.edu
10591,Đinh Chí Sơn,1,10591teacher@uet.vnu.edu
10592,Phan Minh Ðan,1,10592teacher@uet.vnu.edu
10593,Lý Hạo Nhiên,1,10593teacher@uet.vnu.edu
10594,Nguyễn Quốc Phương,1,10594teacher@uet.vnu.edu
10595,Phùng Gia Minh,1,10595teacher@uet.vnu.edu
10596,Đỗ Minh Tâm,0,10596teacher@uet.vnu.edu
10597,Đặng Hoàng Lâm,1,10597teacher@uet.vnu.edu
10598,Hồ Thy Trúc,0,10598teacher@uet.vnu.edu
10599,Phùng Quỳnh Nhung,0,10599teacher@uet.vnu.edu
10600,Lê Đông Nghi,0,10600teacher@uet.vnu.edu
10601,Đỗ Minh Hiên,1,10601teacher@uet.vnu.edu
10602,Đặng Thúy Vi,0,10602teacher@uet.vnu.edu
10603,Hoàng Khiết Linh,0,10603teacher@uet.vnu.edu
10604,Nguyễn Bảo Châu,0,10604teacher@uet.vnu.edu
10605,Hoàng Quang Hải,1,10605teacher@uet.vnu.edu
10606,Nguyễn Quỳnh Chi,0,10606teacher@uet.vnu.edu
10607,Dương Gia Thịnh,1,10607teacher@uet.vnu.edu
10608,Nguyễn Thiên Trang,0,10608teacher@uet.vnu.edu
10609,Bùi Gia Uy,1,10609teacher@uet.vnu.edu
10610,Lã Vũ Minh,1,10610teacher@uet.vnu.edu
10611,Dương Ân Lai,1,10611teacher@uet.vnu.edu
10612,Lã Chung Thủy,1,10612teacher@uet.vnu.edu
10613,Ngô Minh Thắng,1,10613teacher@uet.vnu.edu
10614,Lã Thái Dương,1,10614teacher@uet.vnu.edu
10615,Võ Minh Vy,0,10615teacher@uet.vnu.edu
10616,Dương Vạn Hạnh,1,10616teacher@uet.vnu.edu
10617,Vũ Hải Phượng,0,10617teacher@uet.vnu.edu
10618,Lã Chí Dũng,1,10618teacher@uet.vnu.edu
10619,Đinh Kỳ Duyên,0,10619teacher@uet.vnu.edu
10620,Lã Cao Thọ,1,10620teacher@uet.vnu.edu
10621,Lê Thanh Toàn,1,10621teacher@uet.vnu.edu
10622,Dương Việt Thắng,1,10622teacher@uet.vnu.edu
10623,Dương Gia Hiệp,1,10623teacher@uet.vnu.edu
10624,Bùi Diễm Lộc,0,10624teacher@uet.vnu.edu
10625,Vũ Huyền Thư,0,10625teacher@uet.vnu.edu
10626,Hồ Thường Kiệt,1,10626teacher@uet.vnu.edu
10627,Lý Hoài Bắc,1,10627teacher@uet.vnu.edu
10628,Đặng An Khê,0,10628teacher@uet.vnu.edu
10629,Dương Hữu Khang,1,10629teacher@uet.vnu.edu
10630,Ngô Huyền Trang,0,10630teacher@uet.vnu.edu
10631,Ngô Như Ý,0,10631teacher@uet.vnu.edu
10632,Võ Vương Gia,1,10632teacher@uet.vnu.edu
10633,Lý Xuyến Chi,0,10633teacher@uet.vnu.edu
10634,Lê Hoàng Lan,0,10634teacher@uet.vnu.edu
10635,Tô Huyền Ngọc,0,10635teacher@uet.vnu.edu
10636,Vũ Thanh Tú,1,10636teacher@uet.vnu.edu
10637,Phạm Minh Tuyết,0,10637teacher@uet.vnu.edu
10638,Hoàng Sơn Ca,0,10638teacher@uet.vnu.edu
10639,Lã Phượng Liên,0,10639teacher@uet.vnu.edu
10640,Trần Quốc Bảo,1,10640teacher@uet.vnu.edu
10641,Dương Ðức Kiên,1,10641teacher@uet.vnu.edu
10642,Nguyễn Kiều Loan,0,10642teacher@uet.vnu.edu
10643,Nguyễn Ðức Tâm,1,10643teacher@uet.vnu.edu
10644,Lã Uyển Khanh,0,10644teacher@uet.vnu.edu
10645,Hồ Thanh Thuận,1,10645teacher@uet.vnu.edu
10646,Dương Khuyến Học,1,10646teacher@uet.vnu.edu
10647,Lã Thảo Hồng,0,10647teacher@uet.vnu.edu
10648,Võ Bá Cường,1,10648teacher@uet.vnu.edu
10649,Trần Hữu Cường,1,10649teacher@uet.vnu.edu
10650,Tô Anh Mai,0,10650teacher@uet.vnu.edu
10651,Đỗ Bạch Trà,0,10651teacher@uet.vnu.edu
10652,Trần Hiền Hòa,0,10652teacher@uet.vnu.edu
10653,Phùng Hàm Thơ,0,10653teacher@uet.vnu.edu
10654,Đinh Ánh Hồng,0,10654teacher@uet.vnu.edu
10655,Lê Kim Mai,0,10655teacher@uet.vnu.edu
10656,Võ Diệu Hiền,0,10656teacher@uet.vnu.edu
10657,Phan Hạnh Linh,0,10657teacher@uet.vnu.edu
10658,Tô Mỹ Nhân,0,10658teacher@uet.vnu.edu
10659,Lã Nghi Xuân,0,10659teacher@uet.vnu.edu
10660,Tô Xuân Hoa,0,10660teacher@uet.vnu.edu
10661,Ngô Xuân Thu,0,10661teacher@uet.vnu.edu
10662,Võ Khởi Phong,1,10662teacher@uet.vnu.edu
10663,Nguyễn Tuyết Nga,0,10663teacher@uet.vnu.edu
10664,Lã Quang Hùng,1,10664teacher@uet.vnu.edu
10665,Võ Thiên Mai,0,10665teacher@uet.vnu.edu
10666,Phùng Nam An,1,10666teacher@uet.vnu.edu
10667,Dương Trung Thành,1,10667teacher@uet.vnu.edu
10668,Hoàng Thanh Thu,0,10668teacher@uet.vnu.edu
10669,Hồ Ngọc Ánh,0,10669teacher@uet.vnu.edu
10670,Lý Lương Quyền,1,10670teacher@uet.vnu.edu
10671,Võ Bảo Toàn,1,10671teacher@uet.vnu.edu
10672,Ngô Hoàng Mỹ,1,10672teacher@uet.vnu.edu
10673,Hồ Chí Công,1,10673teacher@uet.vnu.edu
10674,Phan Phương Yến,0,10674teacher@uet.vnu.edu
10675,Phạm Kỳ Duyên,0,10675teacher@uet.vnu.edu
10676,Dương Hùng Cường,1,10676teacher@uet.vnu.edu
10677,Phùng Nam An,1,10677teacher@uet.vnu.edu
10678,Hồ Nhật Quang,1,10678teacher@uet.vnu.edu
10679,Đặng Linh San,0,10679teacher@uet.vnu.edu
10680,Nguyễn Thục Tâm,0,10680teacher@uet.vnu.edu
10681,Nguyễn Trí Tịnh,1,10681teacher@uet.vnu.edu
10682,Võ Xuân Hiền,0,10682teacher@uet.vnu.edu
10683,Ngô Nhật Ánh,0,10683teacher@uet.vnu.edu
10684,Bùi Hạnh Thảo,0,10684teacher@uet.vnu.edu
10685,Phan Hồng Bạch Thảo,0,10685teacher@uet.vnu.edu
10686,Bùi Cẩm Ly,0,10686teacher@uet.vnu.edu
10687,Võ Khải Hòa,1,10687teacher@uet.vnu.edu
10688,Tô Thanh Thiên,0,10688teacher@uet.vnu.edu
10689,Phan Minh Triết,1,10689teacher@uet.vnu.edu
10690,Phùng Tường Vi,0,10690teacher@uet.vnu.edu
10691,Nguyễn Minh Huấn,1,10691teacher@uet.vnu.edu
10692,Đinh Xuân Hòa,1,10692teacher@uet.vnu.edu
10693,Nguyễn Huệ Lâm,0,10693teacher@uet.vnu.edu
10694,Ngô Hải Dương,0,10694teacher@uet.vnu.edu
10695,Vũ Huệ Lan,0,10695teacher@uet.vnu.edu
10696,Bùi Ngọc Thạch,1,10696teacher@uet.vnu.edu
10697,Tô Minh Khiếu,1,10697teacher@uet.vnu.edu
10698,Lê Thanh Thiên,1,10698teacher@uet.vnu.edu
10699,Ngô Thiếu Anh,1,10699teacher@uet.vnu.edu
10700,Phùng Hoài Trang,0,10700teacher@uet.vnu.edu
10701,Phùng Thuận Toàn,1,10701teacher@uet.vnu.edu
10702,Hoàng Hướng Thiện,1,10702teacher@uet.vnu.edu
10703,Đỗ Uyên Thi,0,10703teacher@uet.vnu.edu
10704,Bùi Thiều Ly,0,10704teacher@uet.vnu.edu
10705,Đỗ Minh Giang,1,10705teacher@uet.vnu.edu
10706,Lý Hoài Nam,1,10706teacher@uet.vnu.edu
10707,Đặng Hạ Băng,0,10707teacher@uet.vnu.edu
10708,Võ Tuyết Oanh,0,10708teacher@uet.vnu.edu
10709,Bùi Mộng Vi,0,10709teacher@uet.vnu.edu
10710,Đặng Thúy Ngọc,0,10710teacher@uet.vnu.edu
10711,Võ Hồng Khanh,0,10711teacher@uet.vnu.edu
10712,Dương Trúc Quỳnh,0,10712teacher@uet.vnu.edu
10713,Hoàng Ðăng Ðạt,1,10713teacher@uet.vnu.edu
10714,Võ Hải Long,1,10714teacher@uet.vnu.edu
10715,Dương Ngọc Trinh,0,10715teacher@uet.vnu.edu
10716,Lý Thiên Lam,0,10716teacher@uet.vnu.edu
10717,Đặng Quang Vũ,1,10717teacher@uet.vnu.edu
10718,Phùng Hồng Thu,0,10718teacher@uet.vnu.edu
10719,Hồ Phong Lan,0,10719teacher@uet.vnu.edu
10720,Trần Phương Loan,0,10720teacher@uet.vnu.edu
10721,Lê Thiên Giang,0,10721teacher@uet.vnu.edu
10722,Hoàng Thục Oanh,0,10722teacher@uet.vnu.edu
10723,Bùi Thúy Vân,0,10723teacher@uet.vnu.edu
10724,Ngô Minh Khuê,0,10724teacher@uet.vnu.edu
10725,Vũ Cảnh Tuấn,1,10725teacher@uet.vnu.edu
10726,Hồ Thư Sương,0,10726teacher@uet.vnu.edu
10727,Lê Hào Nghiệp,1,10727teacher@uet.vnu.edu
10728,Phan Ðức Mạnh,1,10728teacher@uet.vnu.edu
10729,Phan Minh Mẫn,1,10729teacher@uet.vnu.edu
10730,Phùng Tường Lâm,1,10730teacher@uet.vnu.edu
10731,Phạm Thanh Quang,1,10731teacher@uet.vnu.edu
10732,Phạm Đức Hạnh,0,10732teacher@uet.vnu.edu
10733,Vũ Tùng Minh,1,10733teacher@uet.vnu.edu
10734,Lê Thiên Thêu,0,10734teacher@uet.vnu.edu
10735,Võ Phương Nhung,0,10735teacher@uet.vnu.edu
10736,Hoàng Văn Tuyển,1,10736teacher@uet.vnu.edu
10737,Lê Kiều Thu,0,10737teacher@uet.vnu.edu
10738,Đỗ Song Lam,0,10738teacher@uet.vnu.edu
10739,Lê Quang Trường,1,10739teacher@uet.vnu.edu
10740,Vũ Gia Linh,0,10740teacher@uet.vnu.edu
10741,Trần Thục Quyên,0,10741teacher@uet.vnu.edu
10742,Võ Diễm Chi,0,10742teacher@uet.vnu.edu
10743,Đặng Sơn Quyền,1,10743teacher@uet.vnu.edu
10744,Phùng Ngọc Huệ,0,10744teacher@uet.vnu.edu
10745,Lý Lan Khuê,0,10745teacher@uet.vnu.edu
10746,Tô Khánh Nam,1,10746teacher@uet.vnu.edu
10747,Phạm Phương Nhi,0,10747teacher@uet.vnu.edu
10748,Hoàng Kim Liên,0,10748teacher@uet.vnu.edu
10749,Bùi Hồng Bạch Thảo,0,10749teacher@uet.vnu.edu
10750,Dương Ðại Dương,1,10750teacher@uet.vnu.edu
10751,Phạm Thụy Miên,0,10751teacher@uet.vnu.edu
10752,Bùi Thiên Mỹ,0,10752teacher@uet.vnu.edu
10753,Lê Vân Khánh,0,10753teacher@uet.vnu.edu
10754,Đặng Hồ Nam,1,10754teacher@uet.vnu.edu
10755,Phan Ðình Trung,1,10755teacher@uet.vnu.edu
10756,Võ Kim Lan,0,10756teacher@uet.vnu.edu
10757,Đỗ Chính Tâm,1,10757teacher@uet.vnu.edu
10758,Tô Thụy Linh,0,10758teacher@uet.vnu.edu
10759,Trần Hồng Việt,1,10759teacher@uet.vnu.edu
10760,Lý Bảo Hân,0,10760teacher@uet.vnu.edu
10761,Võ Giang Sơn,1,10761teacher@uet.vnu.edu
10762,Dương Bảo Lan,0,10762teacher@uet.vnu.edu
10763,Vũ Mai Thảo,0,10763teacher@uet.vnu.edu
10764,Bùi Thúy Phượng,0,10764teacher@uet.vnu.edu
10765,Bùi Thục Ðoan,0,10765teacher@uet.vnu.edu
10766,Lê Yên Nhi,0,10766teacher@uet.vnu.edu
10767,Hoàng Minh Anh,1,10767teacher@uet.vnu.edu
10768,Phan Thanh Hảo,0,10768teacher@uet.vnu.edu
10769,Hoàng Hải Ðăng,1,10769teacher@uet.vnu.edu
10770,Bùi Tùng Châu,1,10770teacher@uet.vnu.edu
10771,Hoàng Minh Châu,0,10771teacher@uet.vnu.edu
10772,Hoàng Tuyết Tâm,0,10772teacher@uet.vnu.edu
10773,Bùi Hoàng Khải,1,10773teacher@uet.vnu.edu
10774,Đinh Kim Thư,0,10774teacher@uet.vnu.edu
10775,Ngô Kim Chi,0,10775teacher@uet.vnu.edu
10776,Phùng Xuân Hương,0,10776teacher@uet.vnu.edu
10777,Dương Ðắc Thái,1,10777teacher@uet.vnu.edu
10778,Phan Ý Nhi,0,10778teacher@uet.vnu.edu
10779,Ngô Hồng Giang,0,10779teacher@uet.vnu.edu
10780,Lã Ðức Quảng,1,10780teacher@uet.vnu.edu
10781,Đinh Anh Thái,1,10781teacher@uet.vnu.edu
10782,Võ Quốc Thông,1,10782teacher@uet.vnu.edu
10783,Tô Phục Lễ,1,10783teacher@uet.vnu.edu
10784,Phan Hiền Nhi,0,10784teacher@uet.vnu.edu
10785,Đặng Kim Tuyền,0,10785teacher@uet.vnu.edu
10786,Lã Bảo Lễ,0,10786teacher@uet.vnu.edu
10787,Đỗ Thanh Tịnh,1,10787teacher@uet.vnu.edu
10788,Vũ Ðài Trang,0,10788teacher@uet.vnu.edu
10789,Phùng Cao Thọ,1,10789teacher@uet.vnu.edu
10790,Phạm Trọng Hùng,1,10790teacher@uet.vnu.edu
10791,Dương Kim Hoa,0,10791teacher@uet.vnu.edu
10792,Phạm Trọng Trí,1,10792teacher@uet.vnu.edu
10793,Đặng Thạch Tùng,1,10793teacher@uet.vnu.edu
10794,Lý Kiến Bình,1,10794teacher@uet.vnu.edu
10795,Phùng Mỹ Thuận,0,10795teacher@uet.vnu.edu
10796,Ngô Chí Khang,1,10796teacher@uet.vnu.edu
10797,Hoàng Lam Giang,1,10797teacher@uet.vnu.edu
10798,Đỗ Oanh Vũ,0,10798teacher@uet.vnu.edu
10799,Ngô Hằng Anh,0,10799teacher@uet.vnu.edu
10800,Phan Hạnh Trang,0,10800teacher@uet.vnu.edu
10801,Đinh Tú Quỳnh,0,10801teacher@uet.vnu.edu
10802,Đỗ Nguyễn Hải An,1,10802teacher@uet.vnu.edu
10803,Trần Bá Long,1,10803teacher@uet.vnu.edu
10804,Trần Ðức Phi,1,10804teacher@uet.vnu.edu
10805,Đặng Xuân Huy,1,10805teacher@uet.vnu.edu
10806,Đinh Linh San,0,10806teacher@uet.vnu.edu
10807,Bùi Hiếu Khanh,0,10807teacher@uet.vnu.edu
10808,Phạm Diệu Hồng,0,10808teacher@uet.vnu.edu
10809,Đặng Thanh Thảo,0,10809teacher@uet.vnu.edu
10810,Nguyễn Trí Hùng,1,10810teacher@uet.vnu.edu
10811,Dương Chiêu Quân,1,10811teacher@uet.vnu.edu
10812,Đỗ Tuyết Băng,0,10812teacher@uet.vnu.edu
10813,Trần Thảo Tiên,0,10813teacher@uet.vnu.edu
10814,Lý Thành Châu,1,10814teacher@uet.vnu.edu
10815,Lã Phương Quỳnh,0,10815teacher@uet.vnu.edu
10816,Vũ Ngọc Huệ,0,10816teacher@uet.vnu.edu
10817,Phùng Thành Hòa,1,10817teacher@uet.vnu.edu
10818,Phùng Hồng Phát,1,10818teacher@uet.vnu.edu
10819,Hồ Thu Phương,0,10819teacher@uet.vnu.edu
10820,Lã Sông Hương,0,10820teacher@uet.vnu.edu
10821,Đỗ Nam Ninh,1,10821teacher@uet.vnu.edu
10822,Võ Trường Vinh,1,10822teacher@uet.vnu.edu
10823,Tô Thiện Phước,1,10823teacher@uet.vnu.edu
10824,Tô Tài Ðức,1,10824teacher@uet.vnu.edu
10825,Ngô Yên Ðan,0,10825teacher@uet.vnu.edu
10826,Lý Quỳnh Ngân,0,10826teacher@uet.vnu.edu
10827,Trần Cao Thọ,1,10827teacher@uet.vnu.edu
10828,Đinh Yến Loan,0,10828teacher@uet.vnu.edu
10829,Phạm Diễm Phước,0,10829teacher@uet.vnu.edu
10830,Đỗ Thu Loan,0,10830teacher@uet.vnu.edu
10831,Phạm Anh Quốc,1,10831teacher@uet.vnu.edu
10832,Hồ Đài Trang,0,10832teacher@uet.vnu.edu
10833,Phan Mai Trinh,0,10833teacher@uet.vnu.edu
10834,Bùi Diễm Thư,0,10834teacher@uet.vnu.edu
10835,Dương Minh Ân,1,10835teacher@uet.vnu.edu
10836,Đỗ Ðình Thiện,1,10836teacher@uet.vnu.edu
10837,Trần Hiền Hòa,0,10837teacher@uet.vnu.edu
10838,Đinh Thụy Long,1,10838teacher@uet.vnu.edu
10839,Hoàng Ngọc Khánh,0,10839teacher@uet.vnu.edu
10840,Lý Ái Thi,0,10840teacher@uet.vnu.edu
10841,Đinh Phương Lan,0,10841teacher@uet.vnu.edu
10842,Nguyễn Hoàng Lâm,1,10842teacher@uet.vnu.edu
10843,Nguyễn Ðình Nam,1,10843teacher@uet.vnu.edu
10844,Lã Chiêu Quân,1,10844teacher@uet.vnu.edu
10845,Bùi Thiên Mai,0,10845teacher@uet.vnu.edu
10846,Hoàng Tân Long,1,10846teacher@uet.vnu.edu
10847,Phùng Thuận Phong,1,10847teacher@uet.vnu.edu
10848,Võ Hoàng Thái,1,10848teacher@uet.vnu.edu
10849,Trần Cẩm Yến,0,10849teacher@uet.vnu.edu
10850,Hồ Lệ Huyền,0,10850teacher@uet.vnu.edu
10851,Lý Diễm Trang,0,10851teacher@uet.vnu.edu
10852,Dương Bảo Huynh,1,10852teacher@uet.vnu.edu
10853,Dương Phi Khanh,0,10853teacher@uet.vnu.edu
10854,Ngô Đông Tuyền,0,10854teacher@uet.vnu.edu
10855,Phạm Thảo Ly,0,10855teacher@uet.vnu.edu
10856,Tô Nguyên Ðan,1,10856teacher@uet.vnu.edu
10857,Nguyễn Phương Quế,0,10857teacher@uet.vnu.edu
10858,Nguyễn Thiện Mỹ,0,10858teacher@uet.vnu.edu
10859,Nguyễn Mai Anh,0,10859teacher@uet.vnu.edu
10860,Nguyễn Bảo Chấn,1,10860teacher@uet.vnu.edu
10861,Hồ Quốc Mỹ,1,10861teacher@uet.vnu.edu
10862,Trần Mỹ Nhân,0,10862teacher@uet.vnu.edu
10863,Trần Huy Trân,1,10863teacher@uet.vnu.edu
10864,Võ Hữu Bình,1,10864teacher@uet.vnu.edu
10865,Phạm Xuân Uyên,0,10865teacher@uet.vnu.edu
10866,Đặng Thanh Uyên,0,10866teacher@uet.vnu.edu
10867,Hồ Huệ Thương,0,10867teacher@uet.vnu.edu
10868,Phùng Phi Hùng,1,10868teacher@uet.vnu.edu
10869,Bùi Thái Hà,0,10869teacher@uet.vnu.edu
10870,Lã Hữu Vĩnh,1,10870teacher@uet.vnu.edu
10871,Phan Dũng Trí,1,10871teacher@uet.vnu.edu
10872,Đặng Minh Quân,1,10872teacher@uet.vnu.edu
10873,Hồ Xuân Vân,0,10873teacher@uet.vnu.edu
10874,Lý Hoàng Thư,0,10874teacher@uet.vnu.edu
10875,Vũ Thu Duyên,0,10875teacher@uet.vnu.edu
10876,Hồ Tâm Ðoan,0,10876teacher@uet.vnu.edu
10877,Ngô Đăng Khương,1,10877teacher@uet.vnu.edu
10878,Phan Phước Nhân,1,10878teacher@uet.vnu.edu
10879,Lã Bình Nguyên,1,10879teacher@uet.vnu.edu
10880,Hồ Danh Văn,1,10880teacher@uet.vnu.edu
10881,Phan Quang Ðạt,1,10881teacher@uet.vnu.edu
10882,Phạm Trọng Hiếu,1,10882teacher@uet.vnu.edu
10883,Đỗ Thanh Kiên,1,10883teacher@uet.vnu.edu
10884,Vũ Huy Chiểu,1,10884teacher@uet.vnu.edu
10885,Lý Ngọc Hân,0,10885teacher@uet.vnu.edu
10886,Vũ Tùy Anh,0,10886teacher@uet.vnu.edu
10887,Đỗ Nam Phương,1,10887teacher@uet.vnu.edu
10888,Võ Song Lam,0,10888teacher@uet.vnu.edu
10889,Hồ Hiền Minh,1,10889teacher@uet.vnu.edu
10890,Dương Ái Vân,0,10890teacher@uet.vnu.edu
10891,Ngô Yến Thảo,0,10891teacher@uet.vnu.edu
10892,Trần Gia Hùng,1,10892teacher@uet.vnu.edu
10893,Lê Thu Hằng,0,10893teacher@uet.vnu.edu
10894,Hoàng Lâm Viên,1,10894teacher@uet.vnu.edu
10895,Dương Nhật Huy,1,10895teacher@uet.vnu.edu
10896,Dương Lệ Quân,0,10896teacher@uet.vnu.edu
10897,Hồ Thanh Thiên,1,10897teacher@uet.vnu.edu
10898,Đặng Minh Hào,1,10898teacher@uet.vnu.edu
10899,Bùi Quảng Thông,1,10899teacher@uet.vnu.edu
10900,Hồ Thành An,1,10900teacher@uet.vnu.edu
10901,Hồ Việt Nhi,0,10901teacher@uet.vnu.edu
10902,Trần Trâm Oanh,0,10902teacher@uet.vnu.edu
10903,Tô Bạch Trà,0,10903teacher@uet.vnu.edu
10904,Vũ Việt Cương,1,10904teacher@uet.vnu.edu
10905,Phạm Thiên Ðức,1,10905teacher@uet.vnu.edu
10906,Vũ Quang Nhật,1,10906teacher@uet.vnu.edu
10907,Nguyễn Trúc Quân,0,10907teacher@uet.vnu.edu
10908,Vũ Tinh Tú,0,10908teacher@uet.vnu.edu
10909,Trần Thành Hòa,1,10909teacher@uet.vnu.edu
10910,Hoàng Tuấn Thành,1,10910teacher@uet.vnu.edu
10911,Phan Quang Vinh,1,10911teacher@uet.vnu.edu
10912,Đặng Duy Hải,1,10912teacher@uet.vnu.edu
10913,Hồ Bích Liên,0,10913teacher@uet.vnu.edu
10914,Hoàng Khánh Giao,0,10914teacher@uet.vnu.edu
10915,Phan Khánh Hoàn,1,10915teacher@uet.vnu.edu
10916,Hoàng Anh Ðào,0,10916teacher@uet.vnu.edu
10917,Vũ Tuấn Kiệt,1,10917teacher@uet.vnu.edu
10918,Dương Thiên Lạc,1,10918teacher@uet.vnu.edu
10919,Trần Khải Hòa,1,10919teacher@uet.vnu.edu
10920,Lê Thương Huyền,0,10920teacher@uet.vnu.edu
10921,Lý Tiểu Bảo,1,10921teacher@uet.vnu.edu
10922,Lã Hữu Châu,1,10922teacher@uet.vnu.edu
10923,Phan Phú Thời,1,10923teacher@uet.vnu.edu
10924,Dương Hoàn Vũ,1,10924teacher@uet.vnu.edu
10925,Phan Tuyết Băng,0,10925teacher@uet.vnu.edu
10926,Dương Thành Doanh,1,10926teacher@uet.vnu.edu
10927,Hoàng Minh Thúy,0,10927teacher@uet.vnu.edu
10928,Phạm Quốc Anh,1,10928teacher@uet.vnu.edu
10929,Trần Hồng Nhung,0,10929teacher@uet.vnu.edu
10930,Phan Ái Thi,0,10930teacher@uet.vnu.edu
10931,Vũ Danh Sơn,1,10931teacher@uet.vnu.edu
10932,Tô Ðắc Thành,1,10932teacher@uet.vnu.edu
10933,Hồ Xuân Thảo,0,10933teacher@uet.vnu.edu
10934,Trần Nhân Từ,1,10934teacher@uet.vnu.edu
10935,Hồ Quỳnh Nhi,0,10935teacher@uet.vnu.edu
10936,Đỗ Phước Lộc,1,10936teacher@uet.vnu.edu
10937,Võ Duy Hoàng,1,10937teacher@uet.vnu.edu
10938,Đinh Lệ Nga,0,10938teacher@uet.vnu.edu
10939,Phạm Hạ Phương,0,10939teacher@uet.vnu.edu
10940,Đỗ Nghị Lực,1,10940teacher@uet.vnu.edu
10941,Vũ Minh Huấn,1,10941teacher@uet.vnu.edu
10942,Phan Mai Hương,0,10942teacher@uet.vnu.edu
10943,Đinh Minh Hào,1,10943teacher@uet.vnu.edu
10944,Lã Xuân Cung,1,10944teacher@uet.vnu.edu
10945,Võ Trung Nhân,1,10945teacher@uet.vnu.edu
10946,Hồ Trọng Vinh,1,10946teacher@uet.vnu.edu
10947,Phạm Tuấn Ngọc,1,10947teacher@uet.vnu.edu
10948,Ngô Ðức Phong,1,10948teacher@uet.vnu.edu
10949,Đỗ Tuấn Linh,1,10949teacher@uet.vnu.edu
10950,Lã Giang Thanh,0,10950teacher@uet.vnu.edu
10951,Bùi Sỹ Ðan,1,10951teacher@uet.vnu.edu
10952,Lý Bảo Pháp,1,10952teacher@uet.vnu.edu
10953,Lã Ðông Dương,1,10953teacher@uet.vnu.edu
10954,Dương Lương Tài,1,10954teacher@uet.vnu.edu
10955,Vũ Thanh Kiều,0,10955teacher@uet.vnu.edu
10956,Phùng Bảo Uyên,0,10956teacher@uet.vnu.edu
10957,Đỗ Nhật Mai,0,10957teacher@uet.vnu.edu
10958,Ngô Tú Anh,0,10958teacher@uet.vnu.edu
10959,Lý Anh Hoàng,1,10959teacher@uet.vnu.edu
10960,Dương Quốc Quang,1,10960teacher@uet.vnu.edu
10961,Đinh Ðình Phúc,1,10961teacher@uet.vnu.edu
10962,Dương Tuấn Linh,1,10962teacher@uet.vnu.edu
10963,Phạm Dạ Hương,0,10963teacher@uet.vnu.edu
10964,Ngô Quế Phương,0,10964teacher@uet.vnu.edu
10965,Nguyễn Thủy Minh,0,10965teacher@uet.vnu.edu
10966,Lý Huyền Trân,0,10966teacher@uet.vnu.edu
10967,Hoàng Quang Triệu,1,10967teacher@uet.vnu.edu
10968,Hồ Hoàng Xuân,0,10968teacher@uet.vnu.edu
10969,Đỗ Huệ Hương,0,10969teacher@uet.vnu.edu
10970,Ngô Nam Nhật,1,10970teacher@uet.vnu.edu
10971,Phan Huyền Thoại,0,10971teacher@uet.vnu.edu
10972,Vũ Quỳnh Nga,0,10972teacher@uet.vnu.edu
10973,Lã Mỹ Vân,0,10973teacher@uet.vnu.edu
10974,Đặng Huy Hà,1,10974teacher@uet.vnu.edu
10975,Trần Minh Trang,0,10975teacher@uet.vnu.edu
10976,Phùng Phương Quyên,0,10976teacher@uet.vnu.edu
10977,Võ Tâm Như,0,10977teacher@uet.vnu.edu
10978,Vũ Nguyên Văn,1,10978teacher@uet.vnu.edu
10979,Ngô Ngọc Liên,0,10979teacher@uet.vnu.edu
10980,Lã Hoàn Vi,0,10980teacher@uet.vnu.edu
10981,Nguyễn Giang Sơn,1,10981teacher@uet.vnu.edu
10982,Bùi Thu Việt,0,10982teacher@uet.vnu.edu
10983,Nguyễn Gia Bảo,1,10983teacher@uet.vnu.edu
10984,Lê Quế Lâm,0,10984teacher@uet.vnu.edu
10985,Lã Vi Quyên,0,10985teacher@uet.vnu.edu
10986,Hồ Khoa Trưởng,1,10986teacher@uet.vnu.edu
10987,Phùng Ðức Phú,1,10987teacher@uet.vnu.edu
10988,Nguyễn Kỳ Duyên,0,10988teacher@uet.vnu.edu
10989,Phạm Ân Thiện,1,10989teacher@uet.vnu.edu
10990,Hồ Lan Hương,0,10990teacher@uet.vnu.edu
10991,Đỗ Mỹ Dung,0,10991teacher@uet.vnu.edu
10992,Tô Hữu Khoát,1,10992teacher@uet.vnu.edu
10993,Lã Nghị Quyền,1,10993teacher@uet.vnu.edu
10994,Tô Lộc Uyên,0,10994teacher@uet.vnu.edu
10995,Võ Hải Sơn,1,10995teacher@uet.vnu.edu
10996,Phùng Ngọc Cường,1,10996teacher@uet.vnu.edu
10997,Dương Việt Thanh,1,10997teacher@uet.vnu.edu
10998,Lã Cao Minh,1,10998teacher@uet.vnu.edu
10999,Phan Ðức Siêu,1,10999teacher@uet.vnu.edu
11000,Võ Tuyết Băng,0,11000teacher@uet.vnu.edu
